1,Sample1
2,Sample2
3,Sample3
4,Sample4
5,Sample5
6,Sample6
7,Sample7
8,Sample8
9,Sample9
10,Sample10
11,Sample11
12,Sample12
13,Sample13
14,Sample14
15,Sample15
16,Sample16
17,Sample17
18,Sample18
19,Sample19
20,Sample20
21,Sample21
22,Sample22
23,Sample23
24,Sample24
25,Sample25
26,Sample26
27,Sample27
28,Sample28
29,Sample29
30,Sample30
31,Sample31
32,Sample32
33,Sample33
34,Sample34
35,Sample35
36,Sample36
37,Sample37
38,Sample38
39,Sample39
40,Sample40
41,Sample41
42,Sample42
43,Sample43
44,Sample44
45,Sample45
46,Sample46
47,Sample47
48,Sample48
49,Sample49
50,Sample50
51,Sample51
52,Sample52
53,Sample53
54,Sample54
55,Sample55
56,Sample56
57,Sample57
58,Sample58
59,Sample59
60,Sample60
61,Sample61
62,Sample62
63,Sample63
64,Sample64
65,Sample65
66,Sample66
67,Sample67
68,Sample68
69,Sample69
70,Sample70
71,Sample71
72,Sample72
73,Sample73
74,Sample74
75,Sample75
76,Sample76
77,Sample77
78,Sample78
79,Sample79
80,Sample80
81,Sample81
82,Sample82
83,Sample83
84,Sample84
85,Sample85
86,Sample86
87,Sample87
88,Sample88
89,Sample89
90,Sample90
91,Sample91
92,Sample92
93,Sample93
94,Sample94
95,Sample95
96,Sample96
